dd846834-15bc-46ba-9440-c8b90743827f,4a35f93d-04cc-4d02-aff0-8896b25a53d2,NEW
c4b55b34-7d5c-4c25-a0ee-25eb2dcd3f6f,6d1b7cbc-42ed-49d7-8015-d8a7e23afc24,NEW
df59e8e7-1ccb-4e56-82e0-3f89930c9dc6,53c4ca0f-f9d8-4560-919f-62dbb493b2cc,NEW
e209db02-a07a-458a-8d10-c8240718bbfd,c5cd9579-bad8-492c-b541-0f14bda2faec,NEW
66314a80-5dd4-4da2-bbd1-572e0723a293,3857a037-d4d7-415a-a16f-7081a916e738,NEW
4de536e2-9e90-438b-9c5d-ec94fcf6a317,f370e377-a166-493c-9447-ed5ba60d63f0,NEW
90364318-b609-47c2-91e0-6998d024d3ff,d64002e9-2039-4cd3-b94f-d4ef1c735cd4,NEW
d851af60-fff0-4043-97b6-992581943101,2a029a12-f010-416f-ada2-f033a49a81c5,NEW
95994cb2-86c3-4767-a9cc-55336f66b79b,f7657cde-b782-4af6-ab21-b4002b063049,NEW
5bc6f6e6-56f1-41fb-b27e-073a571d5794,ad37cd61-e030-4315-9301-0f6748f1aeaa,NEW
